{
  "fraud": {
    "w_psc": 0.28069340114451974,
    "w_fsc": 0.5072146628614916,
    "w_rsc": 0.2120919359939887,
    "train_r2": 0.7936262415589479,
    "test_r2": 0.7587882254875956
  },
  "churn": {
    "w_psc": 0.33575770162456425,
    "w_fsc": 0.2748244540479559,
    "w_rsc": 0.38941784432747983,
    "train_r2": 0.6301517300727174,
    "test_r2": 0.516290500899527
  },
  "combined": {
    "w_psc": 0.15567734337124822,
    "w_fsc": 0.74323955724321,
    "w_rsc": 0.10108309938554193,
    "train_r2": 0.8137147187723213,
    "test_r2": 0.7686056071451726
  }
}